Scenario,Load Type,Pricing,Deterministic Cost,Risk-Aware Cost,Savings ($),Savings (%),Det Cycles,Risk Cycles,Det Import (kWh),Risk Import (kWh)
Baseline (Flat + Smooth),smooth,flat,17.540661045351424,16.84106594670946,0.6995950986419643,3.988419232508737,1.267958497106083,0.7213584878822209,76.70188531567361,74.74244932678518
TOU + Smooth Load,smooth,time_of_use,24.93382740833192,24.633835102765044,0.2999923055668745,1.2031538546169158,1.267958497106083,0.7213584878822209,76.70188531567361,74.74244932678518
Flat + Realistic Load,residential,flat,36.176098695060965,35.694385883737674,0.48171281132329113,1.3315775572810957,1.5490912607847287,1.3910292634231118,159.39705808550983,157.81464601564699
TOU + Realistic Load,residential,time_of_use,50.55423599991064,50.10243133581162,0.451804664099015,0.8937028819895797,1.5490912607847287,1.3910292634231118,159.39705808550983,157.81464601564699
Real-Time + Realistic,residential,real_time,28.73861168685451,28.176799316206353,0.561812370648159,1.9549043522695313,1.5490912607847287,1.3910292634231118,159.39705808550983,157.81464601564699
Critical Peak + Realistic,residential,critical_peak,48.27239688902652,47.8205922249275,0.451804664099015,0.9359482710951134,1.5490912607847287,1.3910292634231118,159.39705808550983,157.81464601564699
